{
  "@context": "https://schema.org",
  "@type": "Church",
  "name": "神召會仁愛福音教會",
  "alternateName": ["英國伯明翰華人教會", "Birmingham Chinese Church", "UK Chinese Church"],
  "description": "英國伯明翰華人教會，提供主日崇拜、查經班、團契等活動。我們致力於傳揚福音，建立信仰，服務社區。歡迎在英國伯明翰的華人朋友參加我們的聚會。",
  "url": "https://gospelloveuk.cc",
  "address": {
    "@type": "PostalAddress",
    "addressCountry": "GB",
    "addressRegion": "Birmingham",
    "addressLocality": "Birmingham",
    "addressLanguage": "zh-TW"
  },
  "geo": {
    "@type": "GeoCoordinates",
    "latitude": "52.4862",
    "longitude": "-1.8904"
  },
  "openingHoursSpecification": {
    "@type": "OpeningHoursSpecification",
    "dayOfWeek": "Sunday",
    "opens": "10:00",
    "closes": "12:00"
  },
  "sameAs": [
    "https://www.facebook.com/yourchurchpage",
    "https://www.instagram.com/yourchurchpage"
  ],
  "areaServed": {
    "@type": "City",
    "name": "Birmingham",
    "containedInPlace": {
      "@type": "Country",
      "name": "United Kingdom"
    }
  },
  "inLanguage": ["zh-TW", "en-GB"]
} 